Day,Date,Time Block,Channel,Action,Message/Template,Target,Status,Signups,Notes
1,,Morning,Email,Send waitlist email,Use waitlist template,All waitlist users,☐,0,
1,,Morning,Email,Personal outreach,Message 5: General,10 close friends,☐,0,
1,,Morning,Twitter,Launch announcement,Tweet 1,Followers,☐,0,
1,,Morning,LinkedIn,Founder story,LinkedIn Post 1,Network,☐,0,
1,,Afternoon,Reddit,Post on r/startups,Reddit Post 1,Founders,☐,0,
1,,Afternoon,Reddit,Post on r/Entrepreneur,Reddit Post 1,Entrepreneurs,☐,0,
1,,Afternoon,Reddit,Post on r/CasualConversation,Reddit Post 2,General,☐,0,
1,,Afternoon,Email,Personal outreach,Message 1: Entrepreneurs,10 contacts,☐,0,
1,,Evening,Twitter,Founder loneliness,Tweet 3,Founders,☐,0,
1,,Evening,Admin,Set up tracking,Create spreadsheet,Internal,☐,0,
1,,Evening,Social,Respond to comments,Engage with all,All platforms,☐,0,
1,,,,,,,Target:,10,
2,,Morning,Email,Personal outreach,Message 2: Single Parents,15 contacts,☐,0,
2,,Morning,Reddit,Post on r/SingleParents,Reddit Post 3,Single parents,☐,0,
2,,Morning,Reddit,Post on r/careerguidance,Reddit Post 4,Career changers,☐,0,
2,,Morning,Twitter,Problem/solution,Tweet 2,General,☐,0,
2,,Afternoon,LinkedIn,Comment on posts,Engage with 10 posts,Loneliness/mental health,☐,0,
2,,Afternoon,Facebook,Join groups,Join 10 groups,Various niches,☐,0,
2,,Afternoon,Twitter,User story,Tweet 4,General,☐,0,
2,,Evening,Reddit,Respond to comments,Reply to all,All subreddits,☐,0,
2,,Evening,Admin,Update tracking,Log all signups,Internal,☐,0,
2,,Evening,Twitter,Daily engagement,Tweet 5,General,☐,0,
2,,,,,,,Target:,15,Total: 25
3,,Morning,Email,Personal outreach,Message 3: Career Changers,15 contacts,☐,0,
3,,Morning,Reddit,Post on r/NeedAFriend,Reddit Post 2,Support seekers,☐,0,
3,,Morning,Reddit,Post on r/mentalhealth,Adapt Reddit Post 2,Mental health,☐,0,
3,,Morning,Twitter,Behind the scenes,Tweet 6,Followers,☐,0,
3,,Afternoon,LinkedIn,Career change post,LinkedIn Post 2,Professionals,☐,0,
3,,Afternoon,Outreach,DM micro-influencers,Personalized messages,5 mental health advocates,☐,0,
3,,Afternoon,Twitter,Specific use case,Tweet 8,Career changers,☐,0,
3,,Evening,Facebook,Provide value,Engage in groups,10 groups,☐,0,
3,,Evening,Admin,Update tracking,Log all signups,Internal,☐,0,
3,,Evening,Twitter,Call to action,Tweet 7,General,☐,0,
3,,,,,,,Target:,10,Total: 35
4,,Morning,Blog,Write blog post,"10 Signs You Need Someone Who Truly Gets It",SEO traffic,☐,0,
4,,Morning,Twitter,Tweet blog post,Link to blog,Followers,☐,0,
4,,Morning,LinkedIn,Share blog post,Link with insights,Network,☐,0,
4,,Afternoon,Email,Follow up,Check non-responders,Previous contacts,☐,0,
4,,Afternoon,Reddit,Post blog link,Share on relevant subs,Multiple subreddits,☐,0,
4,,Afternoon,Twitter,User story,Create new testimonial,General,☐,0,
4,,Evening,Social,Respond to all,Reply to comments,All platforms,☐,0,
4,,Evening,Admin,Update tracking,Log all signups,Internal,☐,0,
4,,Evening,Video,Plan TikTok content,Script 3 videos,Content planning,☐,0,
4,,,,,,,Target:,8,Total: 43
5,,Morning,Outreach,Email influencers,Personalized pitch,10 mental health advocates,☐,0,
5,,Morning,Outreach,Email influencers,Personalized pitch,10 startup/founder space,☐,0,
5,,Morning,Twitter,Building in public,Share learnings,Followers,☐,0,
5,,Afternoon,LinkedIn,Comment on posts,Engage with 15 posts,Relevant topics,☐,0,
5,,Afternoon,Reddit,Engage in threads,Provide value,Multiple subreddits,☐,0,
5,,Afternoon,Twitter,Daily engagement,Tweet insights,General,☐,0,
5,,Evening,Facebook,Post in groups,Value-first approach,5 groups,☐,0,
5,,Evening,Social,Respond to messages,Reply to all,All platforms,☐,0,
5,,Evening,Admin,Update tracking,Log all signups,Internal,☐,0,
5,,,,,,,Target:,7,Total: 50
6,,Morning,Video,Create TikTok videos,Use Video Scripts 1-3,TikTok audience,☐,0,
6,,Morning,Video,Post on TikTok,Upload 3 videos,TikTok,☐,0,
6,,Morning,Video,Post on YouTube Shorts,Upload 3 videos,YouTube,☐,0,
6,,Morning,Video,Post on Instagram Reels,Upload 3 videos,Instagram,☐,0,
6,,Afternoon,Twitter,Tweet about videos,Link to videos,Followers,☐,0,
6,,Afternoon,LinkedIn,Share videos,Post with context,Network,☐,0,
6,,Afternoon,Reddit,Share videos,Post on relevant subs,Multiple subreddits,☐,0,
6,,Evening,Social,Respond to comments,Reply to video comments,All platforms,☐,0,
6,,Evening,Admin,Update tracking,Log all signups,Internal,☐,0,
6,,Evening,Twitter,User testimonial,Share success story,General,☐,0,
6,,,,,,,Target:,10,Total: 60
7,,Morning,Admin,Week 1 analysis,Review what's working,Internal,☐,0,
7,,Morning,Email,Re-engagement email,Send to inactive users,Inactive signups,☐,0,
7,,Morning,Twitter,Week 1 learnings,Share insights,Followers,☐,0,
7,,Afternoon,LinkedIn,Work-life balance post,LinkedIn Post 3,Working parents,☐,0,
7,,Afternoon,Reddit,Post on best subreddit,Use best-performing template,Top subreddit,☐,0,
7,,Afternoon,Email,Follow up,Contact interested non-signups,Previous contacts,☐,0,
7,,Evening,Social,Respond to messages,Reply to all,All platforms,☐,0,
7,,Evening,Admin,Plan Week 2,Create strategy based on data,Internal,☐,0,
7,,Evening,Twitter,Gratitude tweet,Thank early users,Followers,☐,0,
7,,,,,,,Target:,5,Total: 65
8,,Morning,Email,Personal outreach,Best-converting persona,20 new contacts,☐,0,
8,,Morning,Reddit,Post on 3 subreddits,Best-performing templates,Top 3 subreddits,☐,0,
8,,Morning,Twitter,Tweet 3 times,Best-performing templates,Followers,☐,0,
8,,Afternoon,LinkedIn,Post on LinkedIn,Best-performing template,Network,☐,0,
8,,Afternoon,Facebook,Post in groups,Value-first approach,10 groups,☐,0,
8,,Afternoon,Video,Create 2 videos,New content,Video platforms,☐,0,
8,,Evening,Social,Respond to messages,Reply to all,All platforms,☐,0,
8,,Evening,Admin,Update tracking,Log all signups,Internal,☐,0,
8,,Evening,Twitter,Evening engagement,Engage with followers,Twitter,☐,0,
8,,,,,,,Target:,8,Total: 73
9,,Morning,Blog,Write blog post,"Why Founder Loneliness is Real",Founders,☐,0,
9,,Morning,Twitter,Tweet blog post,Share with story,Followers,☐,0,
9,,Morning,LinkedIn,Share blog post,Personal story,Network,☐,0,
9,,Afternoon,Reddit,Post blog,r/startups & r/Entrepreneur,Founders,☐,0,
9,,Afternoon,Email,Email blog,Send to contacts,Email list,☐,0,
9,,Afternoon,Twitter,Tweet insights,Key takeaways from blog,Followers,☐,0,
9,,Evening,Social,Engage in comments,Reply to blog comments,All platforms,☐,0,
9,,Evening,Admin,Update tracking,Log all signups,Internal,☐,0,
9,,Evening,Twitter,User story,Share testimonial,General,☐,0,
9,,,,,,,Target:,6,Total: 79
10,,Morning,Outreach,Email universities,Contact counseling centers,5 universities,☐,0,
10,,Morning,Outreach,Email accelerators,Contact startup programs,5 accelerators,☐,0,
10,,Morning,Twitter,Tweet partnerships,Share outreach efforts,Followers,☐,0,
10,,Afternoon,LinkedIn,Post about partnerships,Share vision,Network,☐,0,
10,,Afternoon,Reddit,Post on subreddits,Relevant content,Multiple subreddits,☐,0,
10,,Afternoon,Outreach,Follow up influencers,Check previous outreach,Micro-influencers,☐,0,
10,,Evening,Social,Respond to messages,Reply to all,All platforms,☐,0,
10,,Evening,Admin,Update tracking,Log all signups,Internal,☐,0,
10,,Evening,Twitter,Daily engagement,Engage with followers,Twitter,☐,0,
10,,,,,,,Target:,5,Total: 84
11,,Morning,Email,Request testimonials,Ask for feedback,10 active users,☐,0,
11,,Morning,Twitter,Ask for stories,Request user feedback,Followers,☐,0,
11,,Morning,LinkedIn,Ask for feedback,Request testimonials,Network,☐,0,
11,,Afternoon,Video,Create testimonials,User success stories,Video platforms,☐,0,
11,,Afternoon,Reddit,Post testimonials,Share user stories,Multiple subreddits,☐,0,
11,,Afternoon,Twitter,Tweet testimonials,Share success stories,Followers,☐,0,
11,,Evening,Social,Thank users,Respond to testimonials,All platforms,☐,0,
11,,Evening,Admin,Update tracking,Log all signups,Internal,☐,0,
11,,Evening,Twitter,Gratitude tweet,Thank contributors,Followers,☐,0,
11,,,,,,,Target:,4,Total: 88
12,,Morning,Email,Referral program,Invite 3 friends offer,All users,☐,0,
12,,Morning,Twitter,Tweet referral,Share program,Followers,☐,0,
12,,Morning,LinkedIn,Post referral,Share program,Network,☐,0,
12,,Afternoon,Reddit,Post referral,Share program,Multiple subreddits,☐,0,
12,,Afternoon,Facebook,Post in groups,Share program,10 groups,☐,0,
12,,Afternoon,Twitter,User benefits,Highlight value,Followers,☐,0,
12,,Evening,Social,Respond to messages,Reply to all,All platforms,☐,0,
12,,Evening,Admin,Update tracking,Log all signups,Internal,☐,0,
12,,Evening,Twitter,Evening engagement,Engage with followers,Twitter,☐,0,
12,,,,,,,Target:,5,Total: 93
13,,Morning,Blog,Write blog post,"How to Find Support as Single Parent",Single parents,☐,0,
13,,Morning,Video,Create 3 videos,New content,Video platforms,☐,0,
13,,Morning,Twitter,Tweet blog post,Share link,Followers,☐,0,
13,,Afternoon,LinkedIn,Share blog,Post with insights,Network,☐,0,
13,,Afternoon,Reddit,Post blog,Relevant subreddits,Multiple subreddits,☐,0,
13,,Afternoon,Video,Post videos,All platforms,TikTok/YouTube/Instagram,☐,0,
13,,Evening,Social,Respond to comments,Reply to all,All platforms,☐,0,
13,,Evening,Admin,Update tracking,Log all signups,Internal,☐,0,
13,,Evening,Twitter,User story,Share testimonial,General,☐,0,
13,,,,,,,Target:,4,Total: 97
14,,Morning,Email,Final push,Contact interested non-signups,All prospects,☐,0,
14,,Morning,Twitter,Social proof,Join 100+ users message,Followers,☐,0,
14,,Morning,LinkedIn,Post with stats,Share growth,Network,☐,0,
14,,Afternoon,Reddit,Post on all subreddits,Best-performing content,All top subreddits,☐,0,
14,,Afternoon,Facebook,Post in all groups,Final push,All groups,☐,0,
14,,Afternoon,Twitter,Final call to action,Urgency message,Followers,☐,0,
14,,Evening,Admin,Complete analysis,14-day review,Internal,☐,0,
14,,Evening,Social,Thank early users,Gratitude message,All users,☐,0,
14,,Evening,Celebration,Celebrate 100 users!,Plan next 30 days,Team,☐,0,
14,,,,,,,Target:,3+,Total: 100+